,City,Cloudiness,Country,Date,Humidity,Lat,Lng,Max Temp,Wind Speed
0,mataura,5,NZ,1584494960,66,-46.19,168.86,15.0,4.02
1,ushuaia,40,AR,1584494865,47,-54.8,-68.3,13.0,4.1
2,marawi,95,PH,1584494961,75,8.0,124.29,27.78,1.79
3,albany,1,US,1584494952,80,42.6,-73.97,7.0,4.1
4,bluff,22,NZ,1584494961,66,-46.6,168.33,15.0,4.02
5,san patricio,1,MX,1584494962,76,19.22,-104.7,25.33,3.81
6,zhezkazgan,90,KZ,1584494962,92,47.8,67.71,-3.0,2.0
7,tasiilaq,92,GL,1584494962,72,65.61,-37.64,-10.0,2.1
8,palafrugell,28,ES,1584494963,93,41.92,3.16,11.67,1.5
9,taoudenni,100,ML,1584494963,11,22.68,-3.98,23.97,3.52
10,qaanaaq,96,GL,1584494963,57,77.48,-69.36,-28.5,2.52
11,marzuq,66,YE,1584494963,87,14.4,46.47,18.06,2.13
12,east london,64,ZA,1584494965,83,-33.02,27.91,20.81,3.84
13,hobart,75,AU,1584494704,31,-42.88,147.33,24.0,4.6
14,rikitea,23,PF,1584494965,79,-23.12,-134.97,27.04,5.94
15,raffadali,50,IT,1584494965,100,37.4,13.53,10.56,0.77
16,alofi,75,NU,1584494966,79,-19.06,-169.92,30.0,5.1
17,thompson,5,CA,1584494731,42,55.74,-97.86,-15.0,5.7
18,lamu,100,KE,1584494966,76,-2.27,40.9,28.98,6.46
19,ambon,40,ID,1584494966,70,-3.7,128.18,31.0,2.1
20,bredasdorp,12,ZA,1584494966,77,-34.53,20.04,19.0,3.6
21,lagoa,0,PT,1584494966,81,39.05,-27.98,16.98,5.9
22,whitehorse,75,CA,1584494775,37,60.72,-135.05,1.67,1.0
23,pevek,100,RU,1584494967,95,69.7,170.31,-3.55,5.37
24,lebu,0,CL,1584494967,83,-37.62,-73.65,14.06,3.66
25,cape town,3,ZA,1584494723,88,-33.93,18.42,18.89,5.7
26,dhidhdhoo,54,MV,1584494967,79,6.88,73.1,28.48,6.33
27,fallon,75,US,1584494968,28,39.47,-118.78,7.0,7.2
28,christchurch,0,NZ,1584494899,54,-43.53,172.63,16.67,7.2
29,san cristobal,40,VE,1584494831,65,7.77,-72.22,27.0,1.0
30,port alfred,18,ZA,1584494969,94,-33.59,26.89,17.22,3.83
31,kovur,0,IN,1584494969,91,14.48,79.98,22.32,2.85
32,punta arenas,75,CL,1584494969,62,-53.15,-70.92,12.0,7.7
33,hermanus,1,ZA,1584494969,93,-34.42,19.23,17.22,1.12
34,cidreira,96,BR,1584494969,79,-30.18,-50.21,23.1,9.99
35,barrow,1,US,1584494970,85,71.29,-156.79,-11.0,7.2
36,mahebourg,20,MU,1584494970,100,-20.41,57.7,23.0,2.6
37,carnarvon,100,AU,1584494970,57,-24.87,113.63,25.0,10.3
38,puerto escondido,40,MX,1584494970,79,15.85,-97.07,29.0,4.1
39,gigmoto,5,PH,1584494971,77,13.78,124.39,26.03,5.48
40,calamar,11,CO,1584494971,78,10.25,-74.91,26.0,4.1
41,matagami,1,CA,1584494971,72,49.75,-77.63,-11.0,5.1
42,busselton,35,AU,1584494867,95,-33.65,115.33,15.56,2.24
43,moron,100,AR,1584494971,93,-34.65,-58.62,20.0,6.7
44,castro,0,BR,1584494972,97,-24.79,-50.01,18.56,2.64
45,berezovyy,83,RU,1584494972,64,51.67,135.7,-3.03,1.17
46,aykhal,0,RU,1584494972,69,66.0,111.5,-25.0,3.0
47,pemangkat,43,ID,1584494972,92,1.17,108.97,24.73,3.04
48,kavaratti,38,IN,1584494972,69,10.57,72.64,28.07,2.06
49,nikolskoye,75,RU,1584494973,86,59.7,30.79,4.0,4.0
50,puro,13,PH,1584494973,78,12.48,123.38,25.55,4.42
51,deer lake,90,CA,1584494973,74,49.17,-57.43,-1.0,4.6
52,new norfolk,75,AU,1584494973,31,-42.78,147.06,24.0,4.6
53,matamoros,53,MX,1584494794,22,25.53,-103.25,29.6,5.01
54,teya,100,RU,1584494974,85,60.38,92.63,-11.9,2.36
55,codrington,100,AU,1584494974,56,-38.27,141.97,20.07,5.72
56,muros,0,ES,1584494974,81,42.78,-9.06,14.44,2.1
57,atuona,22,PF,1584494975,73,-9.8,-139.03,28.28,4.62
58,mitsamiouli,81,KM,1584494975,65,-11.38,43.28,28.59,1.14
59,sinnamary,39,GF,1584494975,78,5.38,-52.95,27.04,6.22
60,portland,75,US,1584494846,38,45.52,-122.68,16.11,1.5
61,tazovskiy,100,RU,1584494975,95,67.47,78.7,-6.71,4.78
62,puerto ayora,20,EC,1584494976,65,-0.74,-90.35,28.0,4.6
63,manado,40,ID,1584494976,70,1.49,124.85,29.0,1.5
64,tiksi,87,RU,1584494976,88,71.69,128.87,-35.0,3.54
65,bembereke,44,BJ,1584494976,37,10.23,2.66,27.54,0.98
66,srednekolymsk,82,RU,1584494977,91,67.45,153.68,-21.66,4.31
67,vila franca do campo,20,PT,1584494977,82,37.72,-25.43,13.0,1.77
68,tucumcari,1,US,1584494896,87,35.17,-103.72,11.0,6.02
69,langham,90,CA,1584494978,78,52.37,-106.97,-9.44,6.2
70,jamestown,1,US,1584494978,74,42.1,-79.24,4.0,3.1
71,cherskiy,100,RU,1584494978,93,68.75,161.3,-16.38,6.2
72,bacolod,5,PH,1584494978,64,10.67,122.95,26.93,2.24
73,chuy,100,UY,1584494978,83,-33.7,-53.46,19.87,4.29
74,avarua,100,CK,1584494844,83,-21.21,-159.78,28.0,8.2
75,shelburne,5,CA,1584494754,47,44.08,-80.2,3.0,1.5
76,chara,100,RU,1584494979,78,56.91,118.26,-6.08,1.38
77,komsomolskiy,68,UZ,1584494979,47,40.43,71.72,13.0,5.1
78,arraial do cabo,99,BR,1584494979,84,-22.97,-42.03,26.01,3.63
79,hecun,0,CN,1584494980,15,36.53,114.11,14.94,5.47
80,hilo,90,US,1584494980,83,19.73,-155.09,24.44,3.1
81,butaritari,26,KI,1584494980,74,3.07,172.79,28.55,5.18
82,torbat-e jam,92,IR,1584494981,62,35.24,60.62,11.9,1.9
83,jumla,0,NP,1584494981,51,29.27,82.18,-1.02,2.47
84,bambous virieux,20,MU,1584494981,100,-20.34,57.76,23.0,2.6
85,nhulunbuy,75,AU,1584494981,88,-12.23,136.77,26.0,2.1
86,bismil,75,TR,1584494982,87,37.85,40.67,10.0,4.6
87,odweyne,3,SO,1584494982,66,9.41,45.06,18.85,1.82
88,ponta delgada,20,PT,1584494982,82,37.73,-25.67,13.0,1.75
89,vero beach,1,US,1584494938,73,27.64,-80.4,23.89,4.1
90,havoysund,90,NO,1584494983,92,71.0,24.66,-3.0,7.2
91,maningrida,17,AU,1584494983,74,-12.07,134.27,28.18,4.73
92,zambezi,100,ZM,1584494983,97,-13.54,23.1,18.73,0.99
93,bengkulu,69,ID,1584494846,90,-3.8,102.27,23.56,1.68
94,husavik,90,IS,1584494984,95,66.04,-17.34,0.0,12.9
95,tuktoyaktuk,90,CA,1584494984,84,69.45,-133.04,-18.0,0.5
96,ancud,21,CL,1584494984,100,-41.87,-73.82,10.0,2.1
97,kapaa,75,US,1584494984,94,22.08,-159.32,26.0,3.1
98,tongren,27,CN,1584494984,90,27.72,109.19,10.14,0.14
99,georgetown,20,MY,1584494985,74,5.41,100.34,28.0,3.6
100,vaini,90,TO,1584494985,83,-21.2,-175.2,27.0,2.6
101,orlik,0,RU,1584494985,93,52.52,99.83,-20.58,2.01
102,san isidro,100,PE,1584494985,83,-12.12,-77.05,23.0,7.2
103,saint-pierre,90,RE,1584494986,88,-21.34,55.48,24.0,3.1
104,isangel,90,VU,1584494986,70,-19.55,169.27,29.0,3.1
105,yellowknife,75,CA,1584494962,70,62.46,-114.35,-18.33,4.1
106,geraldton,88,AU,1584494986,43,-28.77,114.6,23.0,6.2
107,dwarka,0,IN,1584494987,65,22.24,68.97,25.4,4.16
108,ploemeur,12,FR,1584494988,93,47.73,-3.43,4.44,1.0
109,port elizabeth,0,ZA,1584494988,68,-33.92,25.57,20.0,7.7
110,cabo san lucas,75,MX,1584494988,64,22.89,-109.91,25.0,4.6
111,karachi,0,PK,1584494985,34,24.91,67.08,19.0,2.6
112,vallenar,0,CL,1584494989,92,-28.57,-70.76,13.15,0.78
113,longyearbyen,20,SJ,1584494989,68,78.22,15.64,-28.0,3.1
114,tilichiki,100,RU,1584494989,86,60.47,166.1,-8.93,3.72
115,dunedin,0,NZ,1584494989,48,-45.87,170.5,17.78,3.13
116,khatanga,82,RU,1584494990,87,71.97,102.5,-26.33,3.74
117,beyneu,96,KZ,1584494990,66,45.32,55.2,3.93,3.76
118,kieta,42,PG,1584494990,68,-6.22,155.63,29.09,1.48
119,leshukonskoye,100,RU,1584494990,86,64.9,45.76,-2.78,4.52
120,flinders,0,AU,1584494990,44,-34.58,150.86,25.0,3.6
121,parauna,22,BR,1584494990,84,-16.95,-50.45,22.35,0.4
122,puerto castilla,0,HN,1584494991,77,16.02,-85.97,26.41,7.63
123,victoria,40,HK,1584494768,68,22.29,114.16,23.33,5.1
124,huarmey,82,PE,1584494754,64,-10.07,-78.15,23.46,2.07
125,opuwo,47,NA,1584494991,78,-18.06,13.84,19.78,3.8
126,talara,33,PE,1584494992,87,-4.58,-81.27,25.65,3.54
127,ribeira grande,12,PT,1584494993,88,38.52,-28.7,14.78,4.5
128,fortuna,90,US,1584494993,87,40.6,-124.16,8.33,4.6
129,vasyurinskaya,97,RU,1584494993,69,45.12,39.42,2.0,6.0
130,peniche,0,PT,1584494993,93,39.36,-9.38,15.56,1.0
131,evensk,98,RU,1584494993,89,61.95,159.23,-11.29,1.15
132,kargasok,82,RU,1584494994,89,59.06,80.86,-4.42,10.81
133,marsh harbour,6,BS,1584494994,68,26.54,-77.06,22.5,4.39
134,bethel,1,US,1584494994,75,41.37,-73.41,10.0,2.1
135,murgab,75,TM,1584494994,67,37.5,61.97,14.0,2.1
136,lasa,8,IT,1584494995,84,46.62,10.7,6.11,2.1
137,siaya,98,KE,1584494995,93,0.06,34.29,19.0,1.91
138,coahuayana,20,MX,1584494996,73,18.73,-103.68,24.0,6.2
139,itaituba,100,BR,1584494996,95,-4.28,-55.98,24.16,0.97
140,villanueva,20,HN,1584494828,69,15.32,-88.0,27.0,5.1
141,hailun,100,CN,1584494997,97,47.45,126.93,-3.08,3.89
142,miri,75,MY,1584494732,88,4.41,114.01,28.0,1.5
143,plettenberg bay,0,ZA,1584494997,77,-34.05,23.37,17.98,4.57
144,zabol,0,AF,1584494998,68,32.25,67.25,6.51,1.84
145,dubrovytsya,70,UA,1584494999,86,51.57,26.57,2.67,1.92
146,anadyr,12,RU,1584494999,68,64.75,177.48,-2.0,3.0
147,byron bay,40,AU,1584494999,57,-28.65,153.62,25.0,6.2
148,oistins,40,BB,1584495000,73,13.07,-59.53,25.0,6.2
149,victor harbor,99,AU,1584495000,17,-35.57,138.62,32.0,5.1
150,paamiut,89,GL,1584495000,53,61.99,-49.67,-11.67,6.12
151,saint-augustin,100,CA,1584495000,85,51.23,-58.65,-2.53,9.73
152,saint peters,1,US,1584494864,75,38.8,-90.63,9.44,2.1
153,hall,1,US,1584495001,82,34.32,-83.78,17.22,2.1
154,kodiak,40,US,1584495001,75,57.79,-152.41,6.0,6.2
155,kahului,75,US,1584495001,88,20.89,-156.47,23.0,2.1
156,ilulissat,97,GL,1584495001,42,69.22,-51.1,-14.0,9.8
157,talnakh,75,RU,1584495002,85,69.49,88.4,-11.0,12.0
158,bima,2,ID,1584495002,66,-8.47,118.72,29.39,2.33
159,anderson,1,US,1584495002,82,34.53,-82.65,16.67,1.84
160,san quintin,0,MX,1584495002,64,30.48,-115.95,14.19,1.46
161,mount isa,0,AU,1584495003,31,-20.73,139.5,31.0,5.7
162,shalinskoye,100,RU,1584495003,73,55.72,93.76,2.63,8.33
163,tuatapere,99,NZ,1584495003,66,-46.13,167.68,15.0,4.02
164,poienesti,0,RO,1584495003,90,46.62,27.53,6.11,2.6
165,qui nhon,94,VN,1584495004,65,13.77,109.23,26.56,1.54
166,champerico,69,GT,1584495004,69,14.3,-91.92,27.26,0.8
167,batemans bay,0,AU,1584495005,65,-35.72,150.18,23.33,1.34
168,lompoc,20,US,1584495006,54,34.64,-120.46,13.33,4.1
169,provideniya,40,RU,1584495006,86,64.38,-173.3,-1.0,7.0
170,poya,0,NC,1584495006,79,-21.35,165.15,25.61,10.14
171,howard springs,40,AU,1584495006,57,-12.5,131.05,32.22,1.5
172,linguere,16,SN,1584495007,34,15.4,-15.12,20.42,4.42
173,hithadhoo,0,MV,1584495007,75,-0.6,73.08,29.26,5.15
174,sambava,0,MG,1584495007,97,-14.27,50.17,21.44,0.86
175,la joya,75,MX,1584495007,28,18.67,-99.47,31.67,1.5
176,sibolga,19,ID,1584495008,52,1.74,98.78,30.24,0.47
177,fukue,33,JP,1584495008,77,32.69,128.84,15.0,4.1
178,guerrero negro,0,MX,1584495008,64,27.98,-114.06,17.07,4.38
179,aswan,0,EG,1584495009,39,24.09,32.91,18.0,7.2
180,nanortalik,39,GL,1584495009,54,60.14,-45.24,-6.52,3.83
181,vao,56,NC,1584495009,75,-22.67,167.48,24.91,9.05
182,beringovskiy,98,RU,1584495009,86,63.05,179.32,0.41,2.34
183,araceli,45,PH,1584495010,80,10.55,119.99,27.15,8.81
184,riviere-au-renard,20,CA,1584495010,74,49.0,-64.4,-1.0,9.8
185,saldanha,21,ZA,1584495010,87,-33.01,17.94,16.0,3.1
186,aklavik,40,CA,1584495010,73,68.22,-135.01,-6.0,1.0
187,mbini,100,GQ,1584495011,84,1.57,9.61,27.62,2.37
188,natal,20,BR,1584495011,83,-5.79,-35.21,28.0,2.1
189,coquimbo,0,CL,1584494819,82,-29.95,-71.34,16.0,2.1
190,namtsy,99,RU,1584495011,77,62.72,129.67,-14.0,2.0
191,namibe,100,AO,1584495011,80,-15.2,12.15,22.99,2.73
192,batagay-alyta,63,RU,1584495011,86,67.8,130.41,-21.63,0.47
193,saint-philippe,90,RE,1584495012,88,-21.36,55.77,24.0,3.1
194,prieska,0,ZA,1584495012,68,-29.66,22.75,20.05,2.73
195,los llanos de aridane,20,ES,1584495012,67,28.66,-17.92,16.0,8.2
196,burnie,100,AU,1584495013,72,-41.07,145.92,19.44,2.68
197,bairiki,20,KI,1584495013,66,1.33,172.98,31.0,2.6
198,cayenne,0,GF,1584495014,94,4.93,-52.33,24.0,2.49
199,ojiya,86,JP,1584495014,55,37.3,138.8,11.08,6.69
200,zyryanka,0,RU,1584495014,68,65.75,150.85,-18.64,1.04
201,chokurdakh,91,RU,1584495015,91,70.63,147.92,-25.71,5.59
202,careiro da varzea,100,BR,1584495015,88,-3.2,-59.81,27.0,1.0
203,kavieng,100,PG,1584495016,85,-2.57,150.8,26.05,4.39
204,daru,61,PG,1584495016,73,-9.08,143.21,29.43,3.08
205,broome,90,US,1584495016,60,42.25,-75.83,4.44,3.6
206,dingle,8,PH,1584495017,62,11.0,122.67,29.65,5.96
207,airai,0,TL,1584495017,54,-8.93,125.41,26.67,2.66
208,upernavik,90,GL,1584495017,53,72.79,-56.15,-22.3,3.44
209,kaitangata,28,NZ,1584495017,72,-46.28,169.85,10.96,3.73
210,severo-kurilsk,99,RU,1584495018,87,50.68,156.12,-6.19,13.12
211,glenwood springs,1,US,1584495020,53,39.55,-107.32,16.0,6.2
212,laguna,1,US,1584495020,54,38.42,-121.42,13.0,2.1
213,port lincoln,91,AU,1584495020,24,-34.73,135.87,30.31,3.27
214,mount clemens,1,US,1584494779,39,42.6,-82.88,7.22,2.1
215,javanrud,100,IR,1584495021,93,34.8,46.52,5.14,3.7
216,acapulco,20,MX,1584495002,78,16.86,-99.89,28.0,4.1
217,stephenville,40,US,1584495021,77,32.22,-98.2,23.0,2.6
218,hobyo,95,SO,1584495021,79,5.35,48.53,24.94,4.85
219,grand gaube,20,MU,1584495022,100,-20.01,57.66,23.0,2.6
220,ekibastuz,0,KZ,1584495022,81,51.67,75.37,-3.11,7.26
221,goderich,34,CA,1584494866,68,43.75,-81.72,1.67,4.02
222,touros,20,BR,1584495023,83,-5.2,-35.46,27.0,2.1
223,ulaangom,100,MN,1584495023,88,49.98,92.07,-6.76,1.28
224,aasiaat,100,GL,1584495024,72,68.71,-52.87,-15.42,5.15
225,condado,23,CU,1584495024,61,21.88,-79.84,27.0,1.5
226,saint-joseph,90,RE,1584495025,88,-21.37,55.62,24.0,3.1
227,yulara,0,AU,1584495026,20,-25.24,130.99,34.0,4.6
228,ponta do sol,40,PT,1584495026,67,32.67,-17.1,15.0,8.7
229,luderitz,0,NA,1584495027,93,-26.65,15.16,15.0,2.1
230,pareora,5,NZ,1584495027,51,-44.49,171.21,16.67,4.02
231,saskylakh,0,RU,1584495027,78,71.92,114.08,-27.15,5.46
232,luoyang,0,CN,1584494821,23,34.68,112.45,14.1,1.97
233,haimen,90,CN,1584495028,77,23.19,116.61,19.0,2.0
234,kumluca,0,TR,1584495028,32,36.37,30.29,5.42,2.81
235,prince rupert,1,CA,1584495028,76,54.32,-130.32,9.0,4.6
236,half moon bay,20,US,1584494755,71,37.46,-122.43,13.0,2.63
237,sitka,20,US,1584495028,65,57.05,-135.33,7.0,6.2
238,la maddalena,13,IT,1584495029,81,41.21,9.41,10.0,3.6
239,tokur,99,RU,1584495029,88,53.13,132.9,-3.88,1.42
240,thabazimbi,11,ZA,1584495029,92,-24.59,27.41,16.67,1.49
241,birao,91,CF,1584495029,18,10.28,22.79,23.49,4.45
242,sorong,6,ID,1584494819,68,-0.88,131.25,28.22,1.29
243,santa ines,100,BR,1584495030,95,-3.67,-45.38,23.72,1.38
244,shimoda,20,JP,1584495030,41,34.67,138.95,16.67,6.2
245,nabire,28,ID,1584495030,51,-3.37,135.48,32.07,2.17
246,majdanpek,1,RS,1584495030,93,44.43,21.95,2.22,1.37
247,boshnyakovo,100,RU,1584495031,77,49.63,142.17,-1.15,2.58
248,chapais,1,CA,1584495031,73,49.78,-74.85,-7.0,6.2
249,zhigansk,0,RU,1584495031,90,66.77,123.37,-30.07,4.15
250,emba,0,KZ,1584495032,83,48.83,58.14,-5.03,0.97
251,lieksa,65,FI,1584495032,93,63.32,30.02,-0.38,4.23
252,olafsvik,100,IS,1584495032,84,64.89,-23.71,-2.92,15.47
253,ust-uda,19,RU,1584495032,92,54.17,103.03,-10.23,3.46
254,juneau,75,US,1584494749,56,58.3,-134.42,6.0,3.6
255,vagur,100,FO,1584495033,64,61.47,-6.81,5.06,12.96
256,zaokskiy,39,RU,1584495033,89,54.73,37.41,0.12,4.71
257,cochrane,75,CA,1584495033,85,51.18,-114.47,-3.33,3.6
258,maceio,40,BR,1584495034,88,-9.67,-35.74,26.0,1.5
259,kruisfontein,0,ZA,1584495034,86,-34.0,24.73,16.26,4.64
260,ilo,99,PE,1584495035,87,-17.64,-71.34,22.02,1.14
261,kolondieba,61,ML,1584495035,56,11.09,-6.89,27.51,2.6
262,botwood,75,CA,1584495035,79,49.15,-55.35,-2.22,8.7
263,te anau,67,NZ,1584495035,57,-45.42,167.72,14.62,4.39
264,merauke,81,ID,1584495035,53,-8.47,140.33,32.76,1.99
265,nome,90,US,1584495035,92,64.5,-165.41,0.0,1.5
266,zhicheng,12,CN,1584495036,46,30.3,111.5,21.43,0.96
267,tukrah,0,LY,1584495036,73,32.53,20.58,10.16,6.34
268,mar del plata,100,AR,1584495036,93,-38.0,-57.56,20.0,3.6
269,saint george,75,US,1584495004,44,37.1,-113.58,14.44,6.2
270,mmabatho,74,ZA,1584495038,87,-25.85,25.63,15.0,2.6
271,ust-shonosha,100,RU,1584495039,90,61.15,41.34,-0.33,5.98
272,hambantota,75,LK,1584494868,100,6.12,81.12,25.0,1.0
273,tuytepa,56,UZ,1584495039,66,41.03,69.36,11.0,2.1
274,bathsheba,40,BB,1584495039,73,13.22,-59.52,25.0,6.2
275,sao joao da barra,100,BR,1584495040,88,-21.64,-41.05,25.23,1.95
276,moosomin,100,CA,1584495040,97,50.13,-101.67,-10.24,2.89
277,fort nelson,75,CA,1584495040,42,58.81,-122.7,-1.0,3.6
278,millinocket,90,US,1584495040,96,45.66,-68.71,1.67,2.1
279,luganville,75,VU,1584495041,100,-15.53,167.17,24.0,3.1
280,kimbe,100,PG,1584495041,58,-5.55,150.14,32.07,1.6
281,snyder,40,US,1584495041,100,32.72,-100.92,14.0,3.6
282,shubarkuduk,0,KZ,1584495041,80,49.14,56.49,-0.26,0.42
283,mlonggo,40,ID,1584494875,74,-6.53,110.7,29.0,3.1
284,vila velha,40,BR,1584495042,88,-20.33,-40.29,26.11,1.5
285,kiama,0,AU,1584495042,44,-34.68,150.87,25.0,3.6
286,san vicente,0,AR,1584495042,73,-26.62,-54.13,23.01,1.37
287,narsaq,77,GL,1584495043,39,60.92,-46.05,-12.0,4.1
288,zhangjiakou,91,CN,1584495043,17,40.81,114.88,9.93,9.32
289,aracoiaba,95,BR,1584495043,92,-4.37,-38.81,22.5,1.34
290,torrijos,3,ES,1584495043,10,39.98,-4.28,10.56,3.85
291,lillehammer,3,NO,1584495043,84,61.11,10.47,-1.67,1.79
292,charters towers,0,AU,1584495044,45,-20.1,146.27,28.93,5.01
293,kemijarvi,100,FI,1584495044,91,66.71,27.43,-2.2,5.28
294,haines junction,94,CA,1584495044,80,60.75,-137.51,-8.66,2.08
295,hovd,29,MN,1584495044,25,48.01,91.64,4.39,0.65
296,sikonge,100,TZ,1584495044,98,-5.63,32.77,17.73,2.04
297,morehead,1,US,1584495045,76,37.27,-87.18,12.0,2.06
298,athens,0,GR,1584494826,65,37.98,23.72,8.33,2.5
299,torbay,90,CA,1584495045,79,47.67,-52.73,-1.67,10.8
300,bereda,0,ES,1584495045,87,43.27,-7.54,9.0,0.5
301,sur,0,OM,1584495045,42,22.57,59.53,20.62,0.89
302,norman wells,75,CA,1584495046,79,65.28,-126.83,-4.0,1.5
303,sabha,100,LY,1584495033,27,27.04,14.43,18.69,7.23
304,mantang,65,PH,1584495047,81,11.87,125.43,26.72,4.12
305,dosso,0,NE,1584495047,9,13.05,3.19,24.88,3.2
306,pisco,90,PE,1584495047,78,-13.7,-76.22,23.0,5.7
307,bubaque,0,GW,1584495047,74,11.28,-15.83,25.44,8.37
308,tautira,40,PF,1584495047,66,-17.73,-149.15,32.0,3.6
309,ostersund,61,SE,1584495048,86,63.18,14.64,-1.0,3.6
310,plouzane,56,FR,1584495048,93,48.38,-4.62,7.0,3.1
311,itoman,75,JP,1584494785,60,26.12,127.67,20.0,4.1
312,camacha,75,PT,1584495049,67,33.08,-16.33,15.0,8.2
313,sungaipenuh,42,ID,1584495049,68,-2.08,101.38,24.92,0.99
314,kenai,90,US,1584495049,86,60.55,-151.26,-0.56,2.1
315,mangrol,0,IN,1584494962,62,21.12,70.12,25.61,4.26
316,kalabo,86,ZM,1584495049,96,-14.97,22.68,18.66,2.08
317,arlit,0,NE,1584495049,10,18.74,7.39,24.05,3.16
318,kirensk,80,RU,1584495050,82,57.79,108.11,-10.52,2.14
319,ust-kulom,100,RU,1584495050,91,61.69,53.69,-5.57,4.34
320,bani,3,DO,1584494930,99,18.28,-70.33,23.33,3.49
321,takoradi,100,GH,1584495051,89,4.88,-1.76,26.16,2.78
322,vostok,99,RU,1584495051,91,46.49,135.88,-0.97,3.09
323,glasgow,100,GB,1584494996,86,55.87,-4.26,6.0,5.7
324,abu kamal,100,SY,1584495052,73,34.45,40.92,12.93,6.78
325,akonolinga,100,CM,1584495052,90,3.77,12.25,22.05,1.07
326,jalu,0,LY,1584495052,46,29.03,21.55,12.47,3.94
327,berlevag,100,NO,1584495052,87,70.86,29.09,-1.31,3.92
328,tinskoy,100,RU,1584495053,69,56.15,96.92,-2.38,4.84
329,goundam,83,ML,1584495053,9,16.41,-3.67,28.25,3.21
330,amapa,100,BR,1584495053,98,1.0,-52.0,22.22,1.22
331,yar-sale,0,RU,1584495053,83,66.83,70.83,-11.21,6.34
332,angoche,7,MZ,1584495054,97,-16.23,39.91,22.52,2.4
333,pringsewu,54,ID,1584495054,70,-5.36,104.97,28.22,2.39
334,trofors,100,NO,1584495054,86,65.53,13.41,3.0,8.2
335,abeche,100,TD,1584495054,13,13.83,20.83,23.83,9.08
336,omsukchan,100,RU,1584495054,88,62.53,155.8,-13.06,1.59
337,vardo,100,NO,1584495055,92,70.37,31.11,-1.55,2.91
338,calumpit,40,PH,1584495055,65,14.9,120.77,30.0,4.1
339,katsuura,20,JP,1584495055,50,35.13,140.3,15.56,2.1
340,ossora,100,RU,1584495055,83,59.24,163.07,-6.28,7.72
341,tadine,11,NC,1584495055,68,-21.55,167.88,26.24,7.27
342,matale,97,LK,1584495056,58,7.47,80.62,27.76,1.02
343,kyra,0,RU,1584495057,40,49.58,111.98,-3.39,12.0
344,hadejia,93,NG,1584495057,9,12.45,10.04,22.18,3.88
345,lavrentiya,65,RU,1584495058,82,65.58,-171.0,-1.44,6.69
346,marquette,5,US,1584495058,68,46.53,-87.63,-2.0,3.6
347,kampong cham,100,KH,1584495058,50,11.99,105.46,30.91,4.74
348,mogadishu,0,SO,1584495006,80,2.04,45.34,28.0,7.02
349,ninghai,63,CN,1584495058,63,29.29,121.42,20.56,1.0
350,pangai,75,TO,1584495058,94,-19.8,-174.35,27.0,2.6
351,lazaro cardenas,0,MX,1584495000,67,17.96,-102.2,27.03,3.47
352,oriximina,100,BR,1584495059,87,-1.77,-55.87,25.92,2.62
353,bac lieu,100,VN,1584495059,47,9.29,105.72,31.47,4.97
354,tual,34,ID,1584495059,71,-5.67,132.75,28.33,1.77
355,todos santos,75,MX,1584495060,44,23.45,-110.22,25.0,4.1
356,naze,100,JP,1584495060,63,28.37,129.48,19.0,2.1
357,chattanooga,40,US,1584495007,82,35.05,-85.31,17.0,3.6
358,palmer,40,US,1584495060,84,42.16,-72.33,7.22,4.6
359,leningradskiy,100,RU,1584495060,80,69.38,178.42,0.02,3.05
360,gatesville,75,US,1584495061,73,31.44,-97.74,24.0,3.1
361,huilong,1,CN,1584495061,59,31.81,121.66,20.0,2.24
362,shache,100,CN,1584495061,71,38.42,77.24,11.67,1.28
363,treinta y tres,100,UY,1584495061,84,-33.23,-54.38,19.23,6.03
364,kalaleh,90,IR,1584495062,100,37.38,55.49,9.0,1.01
365,alta floresta,100,BR,1584495062,94,-9.88,-56.09,22.89,0.54
366,sydney,0,AU,1584494324,44,-33.87,151.21,24.44,3.1
367,virginia beach,75,US,1584494892,72,36.85,-75.98,17.0,2.6
368,vikindu,75,TZ,1584495063,88,-7.01,39.3,25.0,2.1
369,hit,99,IQ,1584495063,67,33.64,42.83,18.07,6.41
370,kankan,98,GN,1584495063,47,10.39,-9.31,28.56,4.15
371,vanimo,77,PG,1584495064,76,-2.67,141.3,28.25,5.37
372,sakaiminato,75,JP,1584495066,81,35.55,133.23,12.0,3.1
373,north platte,90,US,1584495067,80,41.12,-100.77,4.0,5.1
374,redding,90,US,1584494969,87,40.59,-122.39,7.0,1.5
375,bismarck,90,US,1584495054,69,46.81,-100.78,3.0,4.1
376,richards bay,82,ZA,1584495068,71,-28.78,32.04,22.0,11.18
377,lunglei,0,IN,1584495068,25,22.88,92.73,30.5,0.22
378,puerto colombia,0,CO,1584495063,69,10.99,-74.95,26.0,7.7
379,bonthe,73,SL,1584495068,84,7.53,-12.51,26.62,2.7
380,kambam,80,ID,1584495068,63,5.25,96.86,27.93,1.32
381,zyuzelskiy,40,RU,1584495068,86,56.49,60.13,-3.0,4.0
382,vung tau,8,VN,1584494805,81,10.35,107.08,25.1,4.45
383,hasaki,20,JP,1584495069,47,35.73,140.83,15.56,5.1
384,bukama,100,CD,1584495069,99,-9.2,25.85,20.77,1.39
385,kudahuvadhoo,5,MV,1584495069,80,2.67,72.89,29.12,7.52
386,suntar,100,RU,1584495069,90,62.14,117.63,-16.82,2.23
387,gornyatskiy,0,RU,1584495070,65,48.29,40.96,1.13,1.66
388,abha,40,SA,1584495044,82,18.22,42.51,17.0,4.1
389,dikson,100,RU,1584495070,100,73.51,80.55,-22.67,2.38
390,kibara,20,TZ,1584495070,88,-2.15,33.45,22.0,4.1
391,basco,73,PH,1584495070,72,20.45,121.97,23.8,7.61
392,buenaventura,97,CO,1584495071,97,3.88,-77.03,23.34,1.15
393,ulladulla,33,AU,1584495071,44,-35.35,150.47,25.0,3.6
394,atasu,58,KZ,1584495071,84,48.68,71.64,-5.11,0.8
395,sistranda,75,NO,1584495071,80,63.73,8.83,2.22,7.2
396,gualaco,25,HN,1584495072,98,15.05,-86.05,17.75,1.2
397,panguna,69,PG,1584495072,89,-6.32,155.48,25.77,1.33
398,clyde river,90,CA,1584495072,68,70.47,-68.59,-27.0,7.7
399,bhalki,37,IN,1584495072,42,18.03,77.22,26.23,6.07
400,ust-nera,17,RU,1584495073,91,64.57,143.2,-22.59,1.9
401,jizan,100,SA,1584495073,74,17.33,42.67,27.0,3.1
402,huangpi,18,CN,1584495073,77,30.88,114.38,16.0,2.0
403,iqaluit,90,CA,1584495073,85,63.75,-68.51,-9.0,5.1
404,qingdao,0,CN,1584494859,39,36.1,120.37,17.0,7.0
405,port-gentil,100,GA,1584495074,82,-0.72,8.78,27.64,2.88
406,kalamare,0,BW,1584495074,84,-22.93,26.57,15.49,5.27
407,alta gracia,90,AR,1584495074,93,-31.65,-64.43,18.33,6.7
408,moose factory,1,CA,1584495074,60,51.26,-80.61,-13.0,2.1
409,san jose de guanipa,61,VE,1584495074,69,8.89,-64.17,24.82,6.28
410,sao filipe,1,CV,1584495075,76,14.9,-24.5,19.39,6.42
411,ozinki,0,RU,1584495075,70,51.18,49.68,0.03,2.65
412,quelimane,8,MZ,1584495075,83,-17.88,36.89,24.54,2.11
413,ndjole,100,GA,1584495075,98,-0.18,10.76,22.9,0.91
414,amazar,100,RU,1584495075,81,53.86,120.88,-1.22,3.25
415,olinda,40,BR,1584494712,74,-8.01,-34.86,29.0,2.6
416,karratha,0,AU,1584495045,59,-20.74,116.85,31.82,3.9
417,hirara,40,JP,1584495077,68,24.8,125.28,23.0,4.6
418,souillac,20,MU,1584495077,100,-20.52,57.52,23.0,2.6
419,port-cartier,90,CA,1584495077,92,50.03,-66.87,-2.0,4.1
420,enshi,33,CN,1584494831,84,30.3,109.48,8.44,1.1
421,bara,82,NG,1584495077,10,10.37,10.73,20.85,2.36
422,moerai,100,PF,1584495078,87,-22.43,-151.33,25.6,13.98
423,burgeo,100,CA,1584495078,80,47.62,-57.62,-0.24,11.03
424,padang,98,ID,1584495078,64,-0.95,100.35,26.77,1.15
425,koygorodok,100,RU,1584495078,90,60.45,51.0,-4.88,3.7
426,roald,94,NO,1584495079,80,62.58,6.13,4.0,9.3
427,port hardy,20,CA,1584494912,57,50.7,-127.42,9.0,2.6
428,kalmunai,82,LK,1584495079,75,7.42,81.82,27.25,1.34
429,berea,20,US,1584495079,69,41.37,-81.85,4.44,3.1
430,harrismith,67,ZA,1584495079,90,-28.27,29.13,10.12,2.97
431,sakakah,0,SA,1584495079,54,29.97,40.21,15.0,7.7
432,luau,100,AO,1584495080,96,-10.71,22.22,18.59,0.69
433,rosario,100,AR,1584494815,93,-32.95,-60.64,18.33,3.13
434,opunake,0,NZ,1584495080,45,-39.46,173.86,19.44,4.02
435,ostrovnoy,86,RU,1584495080,93,68.05,39.51,-6.84,6.11
436,qandala,100,SO,1584495080,79,11.47,49.87,24.03,2.44
437,labuhan,31,ID,1584495081,72,-6.88,112.21,29.52,2.74
438,changji,93,CN,1584495081,34,44.02,87.32,9.0,4.0
439,chabahar,0,IR,1584495081,33,25.29,60.64,21.37,1.37
440,mayskiy,0,RU,1584495081,73,47.69,40.1,-6.0,2.0
441,manat,40,PH,1584495082,69,7.53,126.02,28.0,2.6
442,viedma,5,AR,1584494893,82,-40.81,-63.0,16.79,6.1
443,karasburg,0,NA,1584495083,27,-28.02,18.75,21.36,2.25
444,kijang,0,KR,1584495084,30,35.24,129.21,13.0,2.1
445,banda aceh,99,ID,1584495084,62,5.56,95.32,29.26,2.55
446,kutum,69,SD,1584495084,24,14.2,24.67,13.66,1.9
447,svetlaya,49,RU,1584495084,66,46.54,138.33,-0.15,4.61
448,tumbagaan,0,PH,1584495085,70,5.37,120.31,27.81,1.7
449,grindavik,75,IS,1584495085,86,63.84,-22.43,0.0,10.3
450,catabola,100,AO,1584495085,98,-12.15,17.28,15.69,1.15
451,dzaoudzi,100,YT,1584495085,88,-12.79,45.27,26.0,1.0
452,kovdor,100,RU,1584495085,94,67.57,30.48,-1.17,3.75
453,omboue,98,GA,1584495086,95,-1.57,9.26,23.75,1.47
454,hwange,94,ZW,1584495086,87,-18.37,26.5,18.62,3.05
455,varberg,100,SE,1584495086,100,57.11,12.25,6.11,8.7
456,tarnobrzeg,100,PL,1584495086,79,50.57,21.68,6.11,2.6
457,marabba,90,SD,1584495087,15,12.35,32.18,21.28,4.22
458,vengurla,20,IN,1584495087,94,15.87,73.63,26.0,2.1
459,dong hoi,90,VN,1584494851,96,17.48,106.6,22.4,1.99
460,nieuw amsterdam,20,SR,1584495087,83,5.88,-55.08,28.0,3.1
461,mamallapuram,14,IN,1584495087,94,12.63,80.17,27.78,1.0
462,bolitoc,0,PH,1584495088,56,15.74,119.88,28.78,2.81
463,boa vista,97,BR,1584494930,52,2.82,-60.67,31.0,6.7
464,jamame,100,SO,1584495088,82,0.07,42.75,28.57,6.9
465,stillwater,90,US,1584494992,100,36.12,-97.06,12.22,4.32
466,newport,90,GB,1584494998,93,51.59,-3.0,11.67,8.2
467,sept-iles,90,CA,1584494961,92,50.2,-66.38,-2.0,4.1
468,talakan,100,RU,1584495089,91,50.32,130.37,-1.66,1.49
469,ashland,1,US,1584495089,69,40.82,-82.27,4.44,2.6
470,malmesbury,0,ZA,1584495089,88,-33.46,18.73,18.89,5.7
471,samarai,36,PG,1584495090,85,-10.62,150.67,27.13,2.82
472,gunjur,0,GM,1584495090,83,13.2,-16.73,22.0,5.1
473,nieuwpoort,77,BE,1584495090,80,51.12,2.77,7.0,4.1
474,inhambane,21,MZ,1584495090,73,-23.86,35.38,23.05,6.01
475,kota belud,20,MY,1584495090,74,6.35,116.43,29.0,1.5
476,gizo,48,SB,1584495090,80,-8.1,156.84,27.33,2.81
477,santa rosa,20,PH,1584494908,55,14.31,121.11,30.0,2.1
478,le port,0,RE,1584495091,88,-20.94,55.29,24.0,3.1
479,sorland,67,NO,1584495092,68,67.67,12.69,4.85,10.84
480,buala,60,SB,1584495092,77,-8.14,159.59,28.14,1.55
481,abu samrah,2,SY,1584495092,89,35.3,37.18,6.71,5.36
482,maldonado,90,UY,1584495086,77,-34.67,-54.92,20.56,3.6
483,dickinson,90,US,1584494822,94,29.46,-95.05,24.0,5.1
484,plastun,11,RU,1584495093,58,44.76,136.29,4.81,1.96
485,margate,38,GB,1584495093,93,51.38,1.39,9.44,5.1
486,seymchan,100,RU,1584495093,79,62.88,152.43,-12.97,2.2
487,gwanda,100,ZW,1584495093,84,-20.93,29.0,16.74,4.76
488,mana,99,GF,1584495094,91,5.66,-53.78,23.08,1.27
489,diapaga,67,BF,1584495094,10,12.07,1.79,26.18,1.8
490,jimenez,90,MX,1584495041,28,28.33,-105.4,21.0,11.3
491,gobabis,58,NA,1584495096,82,-22.45,18.97,20.0,1.5
492,caucaia,0,BR,1584495097,78,-3.74,-38.65,28.33,1.5
493,trzebiatow,75,PL,1584495097,65,54.06,15.26,8.89,1.5
494,caravelas,0,BR,1584495097,81,-17.71,-39.25,27.09,3.69
495,rongcheng,0,CN,1584495097,50,30.63,117.85,20.72,1.39
496,micheweni,100,TZ,1584495098,72,-4.97,39.83,28.96,1.35
497,kaeo,0,NZ,1584495098,59,-35.1,173.78,21.11,2.68
498,college,75,US,1584495099,55,64.86,-147.8,2.22,1.12
499,hualmay,100,PE,1584495099,71,-11.1,-77.61,22.67,1.42
500,kitob,100,UZ,1584495100,53,39.08,66.83,13.65,1.81
501,san antonio,1,US,1584495017,54,29.42,-98.49,27.0,7.7
502,sangar,95,RU,1584495100,96,63.92,127.47,-21.83,4.97
503,sinegorsk,20,RU,1584495101,69,47.17,142.5,1.0,4.0
504,neuquen,40,AR,1584495101,43,-38.95,-68.06,21.0,2.6
505,grand forks,1,US,1584495066,73,47.93,-97.03,-4.0,1.5
506,ahipara,0,NZ,1584495101,68,-35.17,173.17,17.8,8.97
507,tura,0,IN,1584494989,46,25.52,90.22,18.11,0.9
508,troitsko-pechorsk,100,RU,1584495102,91,62.71,56.2,-6.92,4.33
509,zhanaozen,100,KZ,1584495102,80,43.3,52.8,3.93,7.83
510,yambio,100,SS,1584495103,56,4.57,28.4,23.69,3.0
511,sarny,69,UA,1584495103,88,51.34,26.6,2.4,2.53
512,yantal,100,RU,1584495103,91,56.85,105.25,-9.58,2.54
513,port macquarie,54,AU,1584494838,60,-31.43,152.92,25.0,1.0
514,owatonna,100,US,1584495103,69,44.08,-93.23,4.0,1.5
515,catuday,0,PH,1584495104,72,16.29,119.81,26.81,7.73
516,carahue,11,CL,1584495104,87,-38.7,-73.17,14.0,1.5
517,lampang,0,TH,1584495104,69,18.33,99.5,26.67,1.98
518,andenes,100,NO,1584495104,72,69.31,16.12,2.0,5.7
519,ardakan,51,IR,1584495105,31,32.31,54.02,16.0,3.1
520,bulgan,0,MN,1584495105,52,48.81,103.53,-4.44,1.83
521,boralday,90,KZ,1584495105,58,43.36,76.86,13.0,2.0
522,kulhudhuffushi,100,MV,1584495105,77,6.62,73.07,29.12,8.27
523,berezovka,97,BY,1584495105,88,53.72,25.5,3.08,3.51
524,darnah,0,LY,1584495105,64,32.77,22.64,14.12,9.57
525,agadez,0,NE,1584495106,9,19.75,10.25,20.02,1.78
526,puerto carreno,45,CO,1584495058,43,6.19,-67.49,31.0,4.1
527,okakarara,12,NA,1584495106,83,-20.58,17.43,17.89,1.58
528,rancho palos verdes,20,US,1584495106,62,33.74,-118.39,15.56,4.1
529,lubben,33,DE,1584495106,87,51.95,13.9,8.89,1.5
530,malakal,41,SS,1584495107,19,9.53,31.66,23.08,2.06
531,wilmington,90,US,1584494863,100,34.23,-77.94,17.22,2.1
532,azangaro,75,PE,1584495107,71,-14.92,-70.22,11.0,1.5
533,sterling,40,US,1584495107,62,39.01,-77.43,15.0,5.7
534,tizimin,46,MX,1584494823,56,21.15,-88.15,27.6,2.86
535,sibu,75,MY,1584495108,88,2.3,111.82,27.0,2.1
536,kineta,0,GR,1584495108,65,37.97,23.22,8.33,2.08
537,kibungo,75,RW,1584495108,93,-2.16,30.54,18.0,3.1
538,buin,0,CL,1584495108,43,-33.73,-70.75,21.0,5.7
539,podporozhye,100,RU,1584495108,91,60.91,34.17,2.35,5.55
540,faanui,100,PF,1584495108,70,-16.48,-151.75,28.67,2.84
541,tiznit,90,MA,1584495109,88,29.58,-9.5,8.64,5.14
542,olga,0,RU,1584495109,70,43.74,135.29,1.93,5.31
543,imuris,0,MX,1584495109,51,30.78,-110.87,18.33,2.24
544,malanje,89,AO,1584495044,99,-9.54,16.34,16.84,1.17
545,solginskiy,100,RU,1584495110,90,61.05,41.34,-0.36,6.26
546,birmitrapur,16,IN,1584495110,36,22.4,84.77,24.86,1.87
547,benguela,100,AO,1584495111,84,-12.58,13.41,24.63,0.91
548,wucheng,7,CN,1584495111,66,29.6,118.17,17.94,1.56
549,mbanza-ngungu,99,CD,1584495111,97,-5.25,14.87,20.31,1.47
550,baturaja,99,ID,1584495111,73,-4.13,104.17,27.57,2.69
551,abaza,100,RU,1584495112,88,52.66,90.09,2.54,1.82
552,russell,20,US,1584495112,93,32.35,-85.2,22.0,0.96
553,kayerkan,75,RU,1584495113,85,69.35,87.76,-11.0,12.0
554,goure,100,NE,1584495113,10,13.98,10.27,26.11,3.58
555,naryan-mar,100,RU,1584495113,95,67.67,53.09,-3.22,8.59
556,havelock,90,US,1584495114,87,34.88,-76.9,15.0,2.6
557,marrakesh,75,MA,1584495114,76,31.63,-8.01,12.0,3.1
558,penzance,90,GB,1584495114,100,50.12,-5.54,11.11,9.8
559,madera,49,US,1584495114,43,37.17,-119.83,13.33,1.81
560,borodyanka,0,UA,1584495114,100,50.64,29.92,0.0,1.0
561,esperance,40,AU,1584495114,52,-33.87,121.9,19.0,10.3
562,payakumbuh,82,ID,1584495115,67,-0.22,100.63,25.75,1.36
563,dongsheng,100,CN,1584495115,25,39.82,109.98,7.81,11.49
564,kishtwar,0,IN,1584495115,58,33.32,75.77,-3.6,1.22
565,pizarro,14,CO,1584495115,81,4.95,-77.37,26.61,1.88
566,adre,100,TD,1584495115,14,13.47,22.2,21.09,7.49
